id,url
1,https://mx3.ch/pictures/mx3/file/0030/0004/square_xlarge/DSC_5474copie.jpg?1398329093
26,https://mx3.ch/pictures/mx3/file/0002/2518/square_xlarge/femme.jpg?1170965176
31,https://mx3.ch/pictures/mx3/file/0001/7052/square_xlarge/pochette_thumb.jpg?1161728200
41,https://mx3.ch/pictures/mx3/file/0004/0675/square_xlarge/PLAIN-DNS_150x150.jpg?1197718319
46,https://mx3.ch/pictures/mx3/file/0001/9486/square_xlarge/cover_fressdiruebe.jpg?1165857942
51,https://mx3.ch/pictures/mx3/file/0003/9176/square_xlarge/Pascalavatar80.jpg?1194824003
61,https://mx3.ch/pictures/mx3/file/0000/1576/square_xlarge/DGpochette10bis.jpg?1157082328
76,https://mx3.ch/pictures/mx3/file/0022/0256/video_large/frame_0000.png?1443525979
81,https://mx3.ch/pictures/mx3/file/0000/0526/square_xlarge/P_1_.M.T_-_Cover_card_1_recto_11.05.jpg?1156960799
